Suite/Test/Step Name,Browser,Description,Tag,Start time,End time,Duration,Status
Flow,Chrome 107.0.0.0,,,2022-11-16 13:44:11,2022-11-16 13:57:57,13m - 46.398s,PASSED
,,,,,,,
Test Cases/TC001 - Customer Place Order for Contract (Customer),Chrome 107.0.0.0,Customer create order on Place Order page,,2022-11-16 13:44:12,2022-11-16 13:45:42,1m - 30.714s,PASSED
"callTestCase(findTestCase(""common/Login""), [""username"":usernameLuqman, ""password"":passwordLuqman, ""verification"":verificationLuqman, ""company"":vnttvn], STOP_ON_FAILURE)",Chrome 107.0.0.0,,,2022-11-16 13:44:13,2022-11-16 13:44:48,34.957s,PASSED
"click(findTestObject(""TC001/h6_Order""))",Chrome 107.0.0.0,"Login with user Luqman and VN-TTVN
",,2022-11-16 13:44:48,2022-11-16 13:44:52,4.460s,PASSED
"click(findTestObject(""TC001/p_Place Order""))",Chrome 107.0.0.0,,,2022-11-16 13:44:52,2022-11-16 13:44:53,1.368s,PASSED
"waitForElementVisible(findTestObject(""TC001/input_Spot Order""), 0)",Chrome 107.0.0.0,,,2022-11-16 13:44:53,2022-11-16 13:44:55,1.538s,PASSED
"setText(findTestObject(""TC001/input_Spot Order""), custContractNo)",Chrome 107.0.0.0,,,2022-11-16 13:44:55,2022-11-16 13:44:58,2.899s,PASSED
"verifyElementText(findTestObject(""TC001/verify_div_SGTTAP TO VNTTVN 1028002""), custContractNo, OPTIONAL)",Chrome 107.0.0.0,,,2022-11-16 13:44:58,2022-11-16 13:44:58,0.448s,PASSED
"y = getText(findTestObject(""TC003/div_CR-VN-TTVN-2210020""))",Chrome 107.0.0.0,,,2022-11-16 13:44:58,2022-11-16 13:44:59,0.422s,PASSED
"util.copyToExcel.exel(y, 1, 0)",Chrome 107.0.0.0,,,2022-11-16 13:44:59,2022-11-16 13:45:00,1.626s,PASSED
"click(findTestObject(""TC001/button_2""))",Chrome 107.0.0.0,,,2022-11-16 13:45:00,2022-11-16 13:45:02,1.290s,PASSED
"click(findTestObject(""TC001/button_4""))",Chrome 107.0.0.0,,,2022-11-16 13:45:02,2022-11-16 13:45:03,0.991s,PASSED
"doubleClick(findTestObject(""TC001/input number 1""))",Chrome 107.0.0.0,,,2022-11-16 13:45:03,2022-11-16 13:45:09,6.371s,PASSED
"sendKeys(findTestObject(""TC001/input number 1""), ""1000"", STOP_ON_FAILURE)",Chrome 107.0.0.0,,,2022-11-16 13:45:09,2022-11-16 13:45:09,0.519s,PASSED
"doubleClick(findTestObject(""TC001/input number 2""), STOP_ON_FAILURE)",Chrome 107.0.0.0,,,2022-11-16 13:45:09,2022-11-16 13:45:10,0.761s,PASSED
"sendKeys(findTestObject(""TC001/input number 2""), ""1000"")",Chrome 107.0.0.0,,,2022-11-16 13:45:10,2022-11-16 13:45:11,0.466s,PASSED
"doubleClick(findTestObject(""TC001/input number 3""), STOP_ON_FAILURE)",Chrome 107.0.0.0,,,2022-11-16 13:45:11,2022-11-16 13:45:12,0.819s,PASSED
"sendKeys(findTestObject(""TC001/input number 3""), ""1000"")",Chrome 107.0.0.0,,,2022-11-16 13:45:12,2022-11-16 13:45:12,0.594s,PASSED
"doubleClick(findTestObject(""TC001/input number 4""), STOP_ON_FAILURE)",Chrome 107.0.0.0,,,2022-11-16 13:45:12,2022-11-16 13:45:13,0.693s,PASSED
"sendKeys(findTestObject(""TC001/input number 4""), ""1000"")",Chrome 107.0.0.0,,,2022-11-16 13:45:13,2022-11-16 13:45:13,0.538s,PASSED
"click(findTestObject(""TC001/button_5""), STOP_ON_FAILURE)",Chrome 107.0.0.0,,,2022-11-16 13:45:13,2022-11-16 13:45:14,0.677s,PASSED
"click(findTestObject(""TC001/button_1""), STOP_ON_FAILURE)",Chrome 107.0.0.0,,,2022-11-16 13:45:14,2022-11-16 13:45:15,1.128s,PASSED
"click(findTestObject(""TC001/input__inboundPlanDate""))",Chrome 107.0.0.0,,,2022-11-16 13:45:15,2022-11-16 13:45:16,0.712s,PASSED
"click(findTestObject(""TC001/button date""))",Chrome 107.0.0.0,,,2022-11-16 13:45:16,2022-11-16 13:45:17,0.672s,PASSED
"click(findTestObject(""TC001/button date""))",Chrome 107.0.0.0,,,2022-11-16 13:45:17,2022-11-16 13:45:18,1.071s,PASSED
"click(findTestObject(""TC001/button date""))",Chrome 107.0.0.0,,,2022-11-16 13:45:18,2022-11-16 13:45:19,1.158s,PASSED
"click(findTestObject(""TC001/button date""))",Chrome 107.0.0.0,,,2022-11-16 13:45:19,2022-11-16 13:45:20,1.084s,PASSED
"click(findTestObject(""TC001/button_17""))",Chrome 107.0.0.0,,,2022-11-16 13:45:20,2022-11-16 13:45:21,1.202s,PASSED
"click(findTestObject(""TC001/button_Confirm""))",Chrome 107.0.0.0,,,2022-11-16 13:45:21,2022-11-16 13:45:22,1.082s,PASSED
"click(findTestObject(""TC001/input number 5""))",Chrome 107.0.0.0,,,2022-11-16 13:45:22,2022-11-16 13:45:23,0.806s,PASSED
"sendKeys(findTestObject(""TC001/input number 5""), ""1000"")",Chrome 107.0.0.0,,,2022-11-16 13:45:23,2022-11-16 13:45:23,0.530s,PASSED
"click(findTestObject(""TC001/input number 6""), STOP_ON_FAILURE)",Chrome 107.0.0.0,,,2022-11-16 13:45:23,2022-11-16 13:45:24,0.662s,PASSED
"sendKeys(findTestObject(""TC001/input number 6""), ""1000"")",Chrome 107.0.0.0,,,2022-11-16 13:45:24,2022-11-16 13:45:25,0.619s,PASSED
"click(findTestObject(""TC001/button_3""))",Chrome 107.0.0.0,,,2022-11-16 13:45:25,2022-11-16 13:45:25,0.687s,PASSED
currentTime = util.generateTime.dateTimeGenerator(),Chrome 107.0.0.0,,,2022-11-16 13:45:25,2022-11-16 13:45:26,0.112s,PASSED
"util.copyToExcel.exel(currentTime, 1, 1)",Chrome 107.0.0.0,,,2022-11-16 13:45:26,2022-11-16 13:45:26,0.171s,PASSED
"setText(findTestObject(""TC001/input_Basic info (order summary)_orderRefNo""), currentTime)",Chrome 107.0.0.0,,,2022-11-16 13:45:26,2022-11-16 13:45:27,1.468s,PASSED
"click(findTestObject(""TC001/button_issue""))",Chrome 107.0.0.0,,,2022-11-16 13:45:27,2022-11-16 13:45:40,12.564s,PASSED
"click(findTestObject(""TC001/button_CONFIRM (1)""))",Chrome 107.0.0.0,,,2022-11-16 13:45:40,2022-11-16 13:45:40,0.562s,PASSED
"verifyElementVisible(findTestObject(""TC001/p_The operation was successful""))",Chrome 107.0.0.0,,,2022-11-16 13:45:40,2022-11-16 13:45:42,1.938s,PASSED
,,,,,,,
Test Cases/TC002 - Run Combine Order Batch (Admin),Chrome 107.0.0.0,,,2022-11-16 13:45:42,2022-11-16 13:46:19,36.597s,PASSED
"callTestCase(findTestCase(""common/Login""), [""username"":usernameLuqman, ""password"":passwordLuqman, ""verification"":verificationLuqman, ""company"":sgttap], STOP_ON_FAILURE)",Chrome 107.0.0.0,,,2022-11-16 13:45:43,2022-11-16 13:46:11,27.744s,PASSED
"navigateToUrl(""https://test.brivge.com/batch"")",Chrome 107.0.0.0,,,2022-11-16 13:46:11,2022-11-16 13:46:13,2.090s,PASSED
"click(findTestObject(""TC002/button_Combine Order""))",Chrome 107.0.0.0,,,2022-11-16 13:46:13,2022-11-16 13:46:18,4.801s,PASSED
"verifyElementVisible(findTestObject(""TC002/p_The operation was successful""))",Chrome 107.0.0.0,,,2022-11-16 13:46:18,2022-11-16 13:46:19,1.296s,PASSED
,,,,,,,
Test Cases/TC003 - Confirm Supplier Order (Supplier),Chrome 107.0.0.0,,,2022-11-16 13:46:19,2022-11-16 13:47:02,43.379s,PASSED
"callTestCase(findTestCase(""common/Login""), [""username"":usernameAzwan, ""password"":passwordAzwan, ""verification"":verificationAzwan, ""company"":sgbafco], STOP_ON_FAILURE)",Chrome 107.0.0.0,,,2022-11-16 13:46:20,2022-11-16 13:46:40,20.194s,PASSED
"click(findTestObject(""TC001/h6_Order""))",Chrome 107.0.0.0,,,2022-11-16 13:46:40,2022-11-16 13:46:41,0.924s,PASSED
"click(findTestObject(""TC003/li_SO Monitoring List""))",Chrome 107.0.0.0,,,2022-11-16 13:46:41,2022-11-16 13:46:43,2.579s,PASSED
"verifyElementVisible(findTestObject(""TC003/div_what can you do in SO monitoring""), OPTIONAL)",Chrome 107.0.0.0,,,2022-11-16 13:46:43,2022-11-16 13:46:45,1.622s,PASSED
"if (verifyElementVisible(findTestObject(""TC003/div_what can you do in SO monitoring""), OPTIONAL) == true)",Chrome 107.0.0.0,,,2022-11-16 13:46:45,2022-11-16 13:46:48,2.526s,PASSED
"setText(findTestObject(""TC003/input_SO Monitoring List Search""), supplContractNo)",Chrome 107.0.0.0,,,2022-11-16 13:46:48,2022-11-16 13:46:50,1.999s,PASSED
"click(findTestObject(""TC003/filter button""))",Chrome 107.0.0.0,,,2022-11-16 13:46:50,2022-11-16 13:46:50,0.716s,PASSED
"click(findTestObject(""TC003/input__statusList""))",Chrome 107.0.0.0,,,2022-11-16 13:46:50,2022-11-16 13:46:51,1.030s,PASSED
"click(findTestObject(""TC003/li_Received""))",Chrome 107.0.0.0,,,2022-11-16 13:46:51,2022-11-16 13:46:52,0.645s,PASSED
"click(findTestObject(""TC003/button_Search""))",Chrome 107.0.0.0,,,2022-11-16 13:46:52,2022-11-16 13:46:52,0.562s,PASSED
"click(findTestObject(""TC003/button detail""))",Chrome 107.0.0.0,,,2022-11-16 13:46:52,2022-11-16 13:46:54,1.353s,PASSED
"salesOrderNo = getAttribute(findTestObject(""TC003/Page_Brivge/input_Please input related basic information_orderNo""), ""value"")",Chrome 107.0.0.0,,,2022-11-16 13:46:54,2022-11-16 13:46:55,1.386s,PASSED
"buyer = getAttribute(findTestObject(""TC003/Page_Brivge/input_Please input related basic information_buyer""), ""value"")",Chrome 107.0.0.0,,,2022-11-16 13:46:55,2022-11-16 13:46:58,2.625s,PASSED
"receiver = getAttribute(findTestObject(""TC003/Page_Brivge/input_Please input related basic information_receiver""), ""value"")",Chrome 107.0.0.0,,,2022-11-16 13:46:58,2022-11-16 13:46:58,0.482s,PASSED
"util.copyToExcel.exel(salesOrderNo, 1, 2)",Chrome 107.0.0.0,,,2022-11-16 13:46:58,2022-11-16 13:46:58,0.095s,PASSED
"util.copyToExcel.exel(buyer, 1, 3)",Chrome 107.0.0.0,,,2022-11-16 13:46:58,2022-11-16 13:46:59,0.102s,PASSED
"util.copyToExcel.exel(receiver, 1, 4)",Chrome 107.0.0.0,,,2022-11-16 13:46:59,2022-11-16 13:46:59,0.094s,PASSED
"verifyElementAttributeValue(findTestObject(""TC003/input_Please input related basic information_status""), ""value"", ""Received"", 0)",Chrome 107.0.0.0,,,2022-11-16 13:46:59,2022-11-16 13:46:59,0.449s,PASSED
"y = getAttribute(findTestObject(""TC003/input_Please input related basic information_orderNo""), ""value"")",Chrome 107.0.0.0,,,2022-11-16 13:46:59,2022-11-16 13:46:59,0.429s,PASSED
"out.println(""sales order no: "" + y)",Chrome 107.0.0.0,,,2022-11-16 13:46:59,2022-11-16 13:47:00,0.026s,PASSED
"click(findTestObject(""TC003/button_Confirm""))",Chrome 107.0.0.0,,,2022-11-16 13:47:00,2022-11-16 13:47:00,0.585s,PASSED
"waitForElementVisible(findTestObject(""TC003/p_Are you sure to do Confirm(c0001)""), 0)",Chrome 107.0.0.0,,,2022-11-16 13:47:00,2022-11-16 13:47:01,0.450s,PASSED
"click(findTestObject(""TC003/button_CONFIRM (1)""))",Chrome 107.0.0.0,,,2022-11-16 13:47:01,2022-11-16 13:47:01,0.579s,PASSED
"verifyElementVisible(findTestObject(""TC003/p_The operation was successful""))",Chrome 107.0.0.0,,,2022-11-16 13:47:01,2022-11-16 13:47:02,1.115s,PASSED
,,,,,,,
Test Cases/TC004 - Customer Change Order (Customer),Chrome 107.0.0.0,,,2022-11-16 13:47:02,2022-11-16 13:48:16,1m - 13.986s,PASSED
"callTestCase(findTestCase(""common/Login""), [""username"":usernameLuqman, ""password"":passwordLuqman, ""verification"":verificationLuqman, ""company"":vnttvn], STOP_ON_FAILURE)",Chrome 107.0.0.0,,,2022-11-16 13:47:03,2022-11-16 13:47:31,27.782s,PASSED
"click(findTestObject(""TC001/h6_Order""))",Chrome 107.0.0.0,,,2022-11-16 13:47:31,2022-11-16 13:47:36,5.065s,PASSED
"click(findTestObject(""delete order summary/li_Place ChangeCancel""))",Chrome 107.0.0.0,,,2022-11-16 13:47:36,2022-11-16 13:47:37,1.072s,PASSED
"focus(findTestObject(""delete order summary/input_Forecast Change_lcbm-MuiInputBase-input lcbm-MuiFilledInput-input lcbm-lcbm110 lcbm-MuiInputBase-inputAdornedEnd lcbm-MuiFilledInput-inputAdornedEnd""), STOP_ON_FAILURE)",Chrome 107.0.0.0,Contract Route No. generated from TC001,,2022-11-16 13:47:37,2022-11-16 13:47:38,1.080s,PASSED
"setText(findTestObject(""delete order summary/input_Forecast Change_lcbm-MuiInputBase-input lcbm-MuiFilledInput-input lcbm-lcbm110 lcbm-MuiInputBase-inputAdornedEnd lcbm-MuiFilledInput-inputAdornedEnd""), findTestData(""Toyotsu-data"").getValue(1, 2))",Chrome 107.0.0.0,Contract Route No. generated from TC001,,2022-11-16 13:47:38,2022-11-16 13:47:41,3.685s,PASSED
delay(2),Chrome 107.0.0.0,,,2022-11-16 13:47:41,2022-11-16 13:47:43,2.019s,PASSED
"click(findTestObject(""TC004/create button""))",Chrome 107.0.0.0,,,2022-11-16 13:47:43,2022-11-16 13:47:45,1.117s,PASSED
"doubleClick(findTestObject(""TC004/input 1""))",Chrome 107.0.0.0,,,2022-11-16 13:47:45,2022-11-16 13:47:46,1.027s,PASSED
"sendKeys(findTestObject(""TC004/input 1""), ""1500"")",Chrome 107.0.0.0,,,2022-11-16 13:47:46,2022-11-16 13:47:48,2.072s,PASSED
"doubleClick(findTestObject(""TC004/input 2""))",Chrome 107.0.0.0,,,2022-11-16 13:47:48,2022-11-16 13:47:49,1.069s,PASSED
"sendKeys(findTestObject(""TC004/input 2""), ""1500"")",Chrome 107.0.0.0,,,2022-11-16 13:47:49,2022-11-16 13:47:49,0.524s,PASSED
"click(findTestObject(""TC004/button input shipping plan""))",Chrome 107.0.0.0,,,2022-11-16 13:47:49,2022-11-16 13:47:50,0.736s,PASSED
"click(findTestObject(""TC004/input__newInboundPlanDate""))",Chrome 107.0.0.0,,,2022-11-16 13:47:50,2022-11-16 13:47:51,0.618s,PASSED
"doubleClick(findTestObject(""TC004/button next calendar""))",Chrome 107.0.0.0,,,2022-11-16 13:47:51,2022-11-16 13:47:51,0.731s,PASSED
"doubleClick(findTestObject(""TC004/button next calendar""))",Chrome 107.0.0.0,,,2022-11-16 13:47:51,2022-11-16 13:47:53,1.414s,PASSED
"doubleClick(findTestObject(""TC004/button next calendar""))",Chrome 107.0.0.0,,,2022-11-16 13:47:53,2022-11-16 13:47:54,1.210s,PASSED
"click(findTestObject(""TC004/button_17""))",Chrome 107.0.0.0,,,2022-11-16 13:47:54,2022-11-16 13:47:55,1.206s,PASSED
"click(findTestObject(""TC004/button_Confirm input plan""))",Chrome 107.0.0.0,,,2022-11-16 13:47:55,2022-11-16 13:47:56,1.006s,PASSED
"doubleClick(findTestObject(""TC004/input 3""))",Chrome 107.0.0.0,,,2022-11-16 13:47:56,2022-11-16 13:47:57,0.865s,PASSED
"sendKeys(findTestObject(""TC004/input 3""), ""1500"")",Chrome 107.0.0.0,,,2022-11-16 13:47:57,2022-11-16 13:47:58,0.546s,PASSED
"doubleClick(findTestObject(""TC004/input 4""))",Chrome 107.0.0.0,,,2022-11-16 13:47:58,2022-11-16 13:47:58,0.714s,PASSED
"sendKeys(findTestObject(""TC004/input 4""), ""1500"")",Chrome 107.0.0.0,,,2022-11-16 13:47:58,2022-11-16 13:47:59,0.545s,PASSED
y = util.generateTime.dateTimeGenerator(),Chrome 107.0.0.0,,,2022-11-16 13:47:59,2022-11-16 13:47:59,0.001s,PASSED
"util.copyToExcel.exel(y, 1, 1)",Chrome 107.0.0.0,,,2022-11-16 13:47:59,2022-11-16 13:47:59,0.078s,PASSED
"doubleClick(findTestObject(""TC004/input_Basic info (order summary)_customerRefNo""), STOP_ON_FAILURE)",Chrome 107.0.0.0,,,2022-11-16 13:47:59,2022-11-16 13:48:00,0.819s,PASSED
"sendKeys(findTestObject(""TC004/input_Basic info (order summary)_customerRefNo""), y)",Chrome 107.0.0.0,,,2022-11-16 13:48:00,2022-11-16 13:48:00,0.713s,PASSED
"click(findTestObject(""TC004/div_scroll""), STOP_ON_FAILURE)",Chrome 107.0.0.0,,,2022-11-16 13:48:00,2022-11-16 13:48:01,0.547s,PASSED
"sendKeys(findTestObject(null), Keys.chord(HOME))",Chrome 107.0.0.0,,,2022-11-16 13:48:01,2022-11-16 13:48:02,0.538s,PASSED
"click(findTestObject(""TC004/button_issue""))",Chrome 107.0.0.0,,,2022-11-16 13:48:02,2022-11-16 13:48:14,12.163s,PASSED
"click(findTestObject(""TC004/button_CONFIRM""))",Chrome 107.0.0.0,,,2022-11-16 13:48:14,2022-11-16 13:48:14,0.527s,PASSED
"verifyElementPresent(findTestObject(""TC003/p_The operation was successful""), 0)",Chrome 107.0.0.0,,,2022-11-16 13:48:14,2022-11-16 13:48:16,1.985s,PASSED
,,,,,,,
Test Cases/TC005 - Approve Change Cancel Request (Supplier),Chrome 107.0.0.0,,,2022-11-16 13:48:16,2022-11-16 13:48:54,37.584s,PASSED
"callTestCase(findTestCase(""common/Login""), [""username"":usernameAzwan, ""password"":passwordAzwan, ""verification"":verificationAzwan, ""company"":sgbafco], STOP_ON_FAILURE)",Chrome 107.0.0.0,,,2022-11-16 13:48:17,2022-11-16 13:48:36,19.225s,PASSED
"click(findTestObject(""TC005/h6_Order""))",Chrome 107.0.0.0,,,2022-11-16 13:48:36,2022-11-16 13:48:37,0.995s,PASSED
"click(findTestObject(""TC005/li_ChangeCancel Request List""))",Chrome 107.0.0.0,,,2022-11-16 13:48:37,2022-11-16 13:48:40,2.448s,PASSED
"if (verifyElementVisible(findTestObject(""TC005/h1_What can you do in Change or Cancel Request List"")) == true)",Chrome 107.0.0.0,,,2022-11-16 13:48:40,2022-11-16 13:48:44,4.072s,PASSED
"setText(findTestObject(""TC005/input Search""), findTestData(""Toyotsu-data"").getValue(1, 2))",Chrome 107.0.0.0,,,2022-11-16 13:48:44,2022-11-16 13:48:46,1.882s,PASSED
"click(findTestObject(""TC005/button filter""))",Chrome 107.0.0.0,,,2022-11-16 13:48:46,2022-11-16 13:48:46,0.700s,PASSED
"click(findTestObject(""TC005/input__requestStatusList""))",Chrome 107.0.0.0,,,2022-11-16 13:48:46,2022-11-16 13:48:47,1.032s,PASSED
"click(findTestObject(""TC005/li_New""))",Chrome 107.0.0.0,,,2022-11-16 13:48:47,2022-11-16 13:48:48,0.619s,PASSED
"click(findTestObject(""TC005/button_Search""))",Chrome 107.0.0.0,,,2022-11-16 13:48:48,2022-11-16 13:48:49,0.690s,PASSED
"click(findTestObject(""TC005/button detail""))",Chrome 107.0.0.0,,,2022-11-16 13:48:49,2022-11-16 13:48:51,1.846s,PASSED
"click(findTestObject(""TC005/button_Approve""))",Chrome 107.0.0.0,,,2022-11-16 13:48:51,2022-11-16 13:48:53,2.178s,PASSED
"verifyElementVisible(findTestObject(""TC005/p_The operation was successful""))",Chrome 107.0.0.0,,,2022-11-16 13:48:53,2022-11-16 13:48:54,1.150s,PASSED
,,,,,,,
Test Cases/TC006 - Supplier Outbound Details (Supplier),Chrome 107.0.0.0,,,2022-11-16 13:48:54,2022-11-16 13:50:17,1m - 22.800s,PASSED
"callTestCase(findTestCase(""common/Login""), [""username"":usernameAzwan, ""password"":passwordAzwan, ""verification"":verificationAzwan, ""company"":sgbafco], STOP_ON_FAILURE)",Chrome 107.0.0.0,,,2022-11-16 13:48:54,2022-11-16 13:49:13,18.583s,PASSED
"click(findTestObject(""TC006/Page_Brivge/h6_Logistics""))",Chrome 107.0.0.0,,,2022-11-16 13:49:13,2022-11-16 13:49:14,0.834s,PASSED
"click(findTestObject(""TC006/Page_Brivge/li_Outbound Monitoring List""))",Chrome 107.0.0.0,,,2022-11-16 13:49:14,2022-11-16 13:49:17,2.915s,PASSED
"click(findTestObject(""TC006/Page_Brivge/button create""))",Chrome 107.0.0.0,,,2022-11-16 13:49:17,2022-11-16 13:49:19,2.395s,PASSED
"callTestCase(findTestCase(""common/Long Form/6_1 - input basic info""), [:], STOP_ON_FAILURE)",Chrome 107.0.0.0,,,2022-11-16 13:49:19,2022-11-16 13:49:45,25.519s,PASSED
"callTestCase(findTestCase(""common/Long Form/6_2 - input container info""), [:], STOP_ON_FAILURE)",Chrome 107.0.0.0,,,2022-11-16 13:49:45,2022-11-16 13:49:53,8.167s,PASSED
"callTestCase(findTestCase(""common/Long Form/6_3 - input outer package""), [:], STOP_ON_FAILURE)",Chrome 107.0.0.0,,,2022-11-16 13:49:53,2022-11-16 13:50:01,8.244s,PASSED
"callTestCase(findTestCase(""common/Long Form/6_4 - input add parts""), [:], STOP_ON_FAILURE)",Chrome 107.0.0.0,,,2022-11-16 13:50:01,2022-11-16 13:50:09,8.279s,PASSED
"click(findTestObject(""TC006/TC006_4/click before scroll up""))",Chrome 107.0.0.0,,,2022-11-16 13:50:09,2022-11-16 13:50:11,1.688s,PASSED
"sendKeys(findTestObject(null), Keys.chord(HOME))",Chrome 107.0.0.0,,,2022-11-16 13:50:11,2022-11-16 13:50:12,0.518s,PASSED
"click(findTestObject(""TC006/TC006_4/button_Submit""))",Chrome 107.0.0.0,,,2022-11-16 13:50:12,2022-11-16 13:50:13,1.068s,PASSED
"click(findTestObject(""TC006/Page_Brivge/button_CONFIRM""))",Chrome 107.0.0.0,,,2022-11-16 13:50:13,2022-11-16 13:50:14,1.081s,PASSED
"verifyElementVisible(findTestObject(""TC006/Page_Brivge/p_The operation was successful""))",Chrome 107.0.0.0,,,2022-11-16 13:50:14,2022-11-16 13:50:17,2.974s,PASSED
,,,,,,,
Test Cases/TC007 - Supplier Approve Release Seller GI Invoice (Supplier),Chrome 107.0.0.0,,,2022-11-16 13:50:17,2022-11-16 13:50:58,41.412s,PASSED
"callTestCase(findTestCase(""common/Login""), [""username"":usernameAzwan, ""password"":passwordAzwan, ""verification"":verificationAzwan, ""company"":sgbafco], STOP_ON_FAILURE)",Chrome 107.0.0.0,,,2022-11-16 13:50:17,2022-11-16 13:50:36,18.532s,PASSED
"click(findTestObject(""TC007/Page_Brivge/h6_Accounting""))",Chrome 107.0.0.0,,,2022-11-16 13:50:36,2022-11-16 13:50:37,0.980s,PASSED
"click(findTestObject(""TC007/Page_Brivge/li_Seller(GI) Invoice List""))",Chrome 107.0.0.0,,,2022-11-16 13:50:37,2022-11-16 13:50:39,2.470s,PASSED
"setText(findTestObject(""TC007/Page_Brivge/input_contract no list""), supplContractNo)",Chrome 107.0.0.0,"supplier contract no
",,2022-11-16 13:50:39,2022-11-16 13:50:44,5.046s,PASSED
"click(findTestObject(""TC007/Page_Brivge/button filter""))",Chrome 107.0.0.0,,,2022-11-16 13:50:44,2022-11-16 13:50:45,0.573s,PASSED
"click(findTestObject(""TC007/Page_Brivge/input__statusList""))",Chrome 107.0.0.0,,,2022-11-16 13:50:45,2022-11-16 13:50:46,1.026s,PASSED
"click(findTestObject(""TC007/Page_Brivge/li_New""))",Chrome 107.0.0.0,,,2022-11-16 13:50:46,2022-11-16 13:50:47,0.574s,PASSED
"click(findTestObject(""TC007/Page_Brivge/button_Search""))",Chrome 107.0.0.0,,,2022-11-16 13:50:47,2022-11-16 13:50:47,0.613s,PASSED
"y = getText(findTestObject(""TC007/Page_Brivge/div_invoice No""))",Chrome 107.0.0.0,,,2022-11-16 13:50:47,2022-11-16 13:50:48,0.722s,PASSED
"util.copyToExcel.exel(y, 1, 6)",Chrome 107.0.0.0,Save invoice no to desktop toyotsudata.xlsx,,2022-11-16 13:50:48,2022-11-16 13:50:48,0.076s,PASSED
"click(findTestObject(""TC007/Page_Brivge/button approve""))",Chrome 107.0.0.0,,,2022-11-16 13:50:48,2022-11-16 13:50:49,0.753s,PASSED
"click(findTestObject(""TC007/Page_Brivge/button_CONFIRM""))",Chrome 107.0.0.0,Clicking confirm to approve GI Invoice,,2022-11-16 13:50:49,2022-11-16 13:50:49,0.698s,PASSED
"verifyElementVisible(findTestObject(""TC007/Page_Brivge/p_The operation was successful""))",Chrome 107.0.0.0,,,2022-11-16 13:50:49,2022-11-16 13:50:50,0.894s,PASSED
"click(findTestObject(""TC007/Page_Brivge/button filter""))",Chrome 107.0.0.0,,,2022-11-16 13:50:50,2022-11-16 13:50:51,0.498s,PASSED
"click(findTestObject(""TC007/Page_Brivge/button_clear""))",Chrome 107.0.0.0,,,2022-11-16 13:50:51,2022-11-16 13:50:52,1.093s,PASSED
"click(findTestObject(""TC007/Page_Brivge/button_Search""))",Chrome 107.0.0.0,,,2022-11-16 13:50:52,2022-11-16 13:50:52,0.598s,PASSED
"verifyElementText(findTestObject(""TC007/Page_Brivge/div_Approved""), ""Approved"")",Chrome 107.0.0.0,,,2022-11-16 13:50:52,2022-11-16 13:50:53,0.704s,PASSED
"click(findTestObject(""TC007/Page_Brivge/button release""))",Chrome 107.0.0.0,,,2022-11-16 13:50:53,2022-11-16 13:50:54,0.540s,PASSED
"click(findTestObject(""TC007/Page_Brivge/button_CONFIRM""))",Chrome 107.0.0.0,Clicking confirm to release GI Invoice,,2022-11-16 13:50:54,2022-11-16 13:50:54,0.682s,PASSED
"verifyElementVisible(findTestObject(""TC007/Page_Brivge/p_The operation was successful""))",Chrome 107.0.0.0,,,2022-11-16 13:50:54,2022-11-16 13:50:55,0.864s,PASSED
"click(findTestObject(""TC007/Page_Brivge/button filter""))",Chrome 107.0.0.0,,,2022-11-16 13:50:55,2022-11-16 13:50:56,0.544s,PASSED
"click(findTestObject(""TC007/Page_Brivge/button_clear""))",Chrome 107.0.0.0,,,2022-11-16 13:50:56,2022-11-16 13:50:57,1.033s,PASSED
"click(findTestObject(""TC007/Page_Brivge/button_Search""))",Chrome 107.0.0.0,,,2022-11-16 13:50:57,2022-11-16 13:50:57,0.562s,PASSED
"verifyElementText(findTestObject(""TC007/Page_Brivge/div_Released""), ""Released"")",Chrome 107.0.0.0,,,2022-11-16 13:50:57,2022-11-16 13:50:58,0.675s,PASSED
,,,,,,,
Test Cases/TC008 - Auto Generate Buyer GR Invoice (BU),Chrome 107.0.0.0,,,2022-11-16 13:50:58,2022-11-16 13:51:40,41.824s,PASSED
"callTestCase(findTestCase(""common/Login""), [""username"":usernameLuqman, ""password"":passwordLuqman, ""verification"":verificationLuqman, ""company"":sgttap], STOP_ON_FAILURE)",Chrome 107.0.0.0,,,2022-11-16 13:50:59,2022-11-16 13:51:25,26.626s,PASSED
"click(findTestObject(""TC007/Page_Brivge/h6_Accounting""))",Chrome 107.0.0.0,,,2022-11-16 13:51:25,2022-11-16 13:51:26,0.846s,PASSED
"click(findTestObject(""TC008/Page_Brivge/li_Buyer(GR) Invoice List""))",Chrome 107.0.0.0,,,2022-11-16 13:51:26,2022-11-16 13:51:28,1.717s,PASSED
"setText(findTestObject(""TC008/Page_Brivge/input_Buyer(GR) Invoice List""), findTestData(""Toyotsu-data"").getValue(7, 2))",Chrome 107.0.0.0,,,2022-11-16 13:51:28,2022-11-16 13:51:32,4.207s,PASSED
"verifyElementText(findTestObject(""TC008/Page_Brivge/div_Released""), ""Released"")",Chrome 107.0.0.0,,,2022-11-16 13:51:32,2022-11-16 13:51:32,0.447s,PASSED
takeScreenshot(),Chrome 107.0.0.0,,,2022-11-16 13:51:32,2022-11-16 13:51:33,0.732s,PASSED
"click(findTestObject(""TC008/Page_Brivge/button view""))",Chrome 107.0.0.0,,,2022-11-16 13:51:33,2022-11-16 13:51:35,1.603s,PASSED
"verifyElementVisible(findTestObject(""TC008/Page_Brivge/h3_Buyer(GR) Invoice Detail""))",Chrome 107.0.0.0,,,2022-11-16 13:51:35,2022-11-16 13:51:35,0.703s,PASSED
takeFullPageScreenshot(),Chrome 107.0.0.0,,,2022-11-16 13:51:35,2022-11-16 13:51:37,1.568s,PASSED
"takeFullPageScreenshotAsCheckpoint(""Invoice Detail"")",Chrome 107.0.0.0,,,2022-11-16 13:51:37,2022-11-16 13:51:38,1.307s,PASSED
"sendKeys(findTestObject(null), Keys.chord(PAGE_DOWN))",Chrome 107.0.0.0,,,2022-11-16 13:51:38,2022-11-16 13:51:39,0.408s,PASSED
"takeFullPageScreenshotAsCheckpoint(""Invoice Detail 2"")",Chrome 107.0.0.0,,,2022-11-16 13:51:39,2022-11-16 13:51:40,1.164s,PASSED
,,,,,,,
Test Cases/TC009 - Supplier Revise and Confirm Shipment (Supplier),Chrome 107.0.0.0,,,2022-11-16 13:51:40,2022-11-16 13:52:21,41.203s,PASSED
"callTestCase(findTestCase(""common/Login""), [""username"":usernameAzwan, ""password"":passwordAzwan, ""verification"":verificationAzwan, ""company"":sgbafco], STOP_ON_FAILURE)",Chrome 107.0.0.0,,,2022-11-16 13:51:40,2022-11-16 13:51:59,18.959s,PASSED
"click(findTestObject(""TC009/Page_Brivge/h6_Logistics""))",Chrome 107.0.0.0,,,2022-11-16 13:51:59,2022-11-16 13:52:00,1.020s,PASSED
"click(findTestObject(""TC009/Page_Brivge/li_Shipping Detail List""))",Chrome 107.0.0.0,,,2022-11-16 13:52:00,2022-11-16 13:52:03,2.615s,PASSED
"setText(findTestObject(""TC009/Page_Brivge/input_Shipping Detail List""), findTestData(""Toyotsu-data"").getValue(8, 2))",Chrome 107.0.0.0,Booking no from TC006(timestamp) will change later,,2022-11-16 13:52:03,2022-11-16 13:52:07,3.541s,PASSED
"click(findTestObject(""TC009/Page_Brivge/button_edit""))",Chrome 107.0.0.0,,,2022-11-16 13:52:07,2022-11-16 13:52:07,0.829s,PASSED
y = util.generateTime.dateTimeGenerator(),Chrome 107.0.0.0,,,2022-11-16 13:52:07,2022-11-16 13:52:07,0.002s,PASSED
"click(findTestObject(""TC009/Page_Brivge/input__atd""))",Chrome 107.0.0.0,choose date for atd,,2022-11-16 13:52:07,2022-11-16 13:52:09,1.204s,PASSED
"click(findTestObject(""TC009/Page_Brivge/button next atd calendar""))",Chrome 107.0.0.0,,,2022-11-16 13:52:09,2022-11-16 13:52:10,1.263s,PASSED
"click(findTestObject(""TC009/Page_Brivge/button_1""))",Chrome 107.0.0.0,,,2022-11-16 13:52:10,2022-11-16 13:52:11,1.205s,PASSED
"click(findTestObject(""TC009/Page_Brivge/input__blDate""))",Chrome 107.0.0.0,choose bl date,,2022-11-16 13:52:11,2022-11-16 13:52:12,0.894s,PASSED
"click(findTestObject(""TC009/Page_Brivge/button next bl calendar""))",Chrome 107.0.0.0,,,2022-11-16 13:52:12,2022-11-16 13:52:13,0.623s,PASSED
"click(findTestObject(""TC009/Page_Brivge/button_15""))",Chrome 107.0.0.0,,,2022-11-16 13:52:13,2022-11-16 13:52:14,1.236s,PASSED
"setText(findTestObject(""TC009/Page_Brivge/input__blNo""), ""BL No "" + y)",Chrome 107.0.0.0,input bl no,,2022-11-16 13:52:14,2022-11-16 13:52:15,1.414s,PASSED
"setText(findTestObject(""TC009/Page_Brivge/input__voyageNo""), ""voyage "" + y)",Chrome 107.0.0.0,input vogaye no,,2022-11-16 13:52:15,2022-11-16 13:52:16,1.092s,PASSED
"setText(findTestObject(""TC009/Page_Brivge/input__vesselName""), ""Vessel A"")",Chrome 107.0.0.0,input vessel name,,2022-11-16 13:52:16,2022-11-16 13:52:17,1.003s,PASSED
"click(findTestObject(""TC009/Page_Brivge/input__cargoStatus""))",Chrome 107.0.0.0,,,2022-11-16 13:52:17,2022-11-16 13:52:18,0.588s,PASSED
"click(findTestObject(""TC009/Page_Brivge/li_Cargo Outbound""))",Chrome 107.0.0.0,,,2022-11-16 13:52:18,2022-11-16 13:52:18,0.516s,PASSED
"click(findTestObject(""TC009/Page_Brivge/button_Confirm""))",Chrome 107.0.0.0,,,2022-11-16 13:52:18,2022-11-16 13:52:19,0.630s,PASSED
"verifyElementVisible(findTestObject(""TC009/Page_Brivge/p_Are you sure to do Confirm(c0001)""))",Chrome 107.0.0.0,,,2022-11-16 13:52:19,2022-11-16 13:52:20,0.535s,PASSED
"click(findTestObject(""TC009/Page_Brivge/button_CONFIRM 2""))",Chrome 107.0.0.0,,,2022-11-16 13:52:20,2022-11-16 13:52:20,0.554s,PASSED
"verifyElementVisible(findTestObject(""TC007/Page_Brivge/p_The operation was successful""))",Chrome 107.0.0.0,,,2022-11-16 13:52:20,2022-11-16 13:52:21,0.922s,PASSED
,,,,,,,
Test Cases/TC010 - DC Inbound Details (DC),Chrome 107.0.0.0,,,2022-11-16 13:52:21,2022-11-16 13:53:02,40.945s,PASSED
"callTestCase(findTestCase(""common/Login""), [""username"":usernameAzwan, ""password"":passwordAzwan, ""verification"":verificationAzwan, ""company"":sgttapdc], STOP_ON_FAILURE)",Chrome 107.0.0.0,,,2022-11-16 13:52:22,2022-11-16 13:52:40,18.308s,PASSED
"click(findTestObject(""TC010/Page_Brivge/span_Logistics""))",Chrome 107.0.0.0,,,2022-11-16 13:52:40,2022-11-16 13:52:41,0.682s,PASSED
"click(findTestObject(""TC010/Page_Brivge/li_Inbound Monitoring List""))",Chrome 107.0.0.0,,,2022-11-16 13:52:41,2022-11-16 13:52:42,1.480s,PASSED
"setText(findTestObject(""TC010/Page_Brivge/input_inbound list""), findTestData(""Toyotsu-data"").getValue(6, 2))",Chrome 107.0.0.0,generated from TC006,,2022-11-16 13:52:42,2022-11-16 13:52:46,3.444s,PASSED
"click(findTestObject(""TC010/Page_Brivge/checkbox""))",Chrome 107.0.0.0,,,2022-11-16 13:52:46,2022-11-16 13:52:47,1.020s,PASSED
"click(findTestObject(""TC010/Page_Brivge/button download""))",Chrome 107.0.0.0,,,2022-11-16 13:52:47,2022-11-16 13:52:47,0.659s,PASSED
"click(findTestObject(""TC010/Page_Brivge/li_Download Inbound Plan""))",Chrome 107.0.0.0,,,2022-11-16 13:52:47,2022-11-16 13:52:48,0.650s,PASSED
"verifyElementVisible(findTestObject(""TC010/Page_Brivge/p_The operation was successful""), CONTINUE_ON_FAILURE)",Chrome 107.0.0.0,,,2022-11-16 13:52:48,2022-11-16 13:52:49,1.471s,PASSED
delay(5),Chrome 107.0.0.0,,,2022-11-16 13:52:49,2022-11-16 13:52:54,5.007s,PASSED
filename = util.getDownloadedFile.getLatestFileFromDirectory(),Chrome 107.0.0.0,,,2022-11-16 13:52:54,2022-11-16 13:52:54,0.018s,PASSED
"logInfo(""Last file received is "" + filename)",Chrome 107.0.0.0,,,2022-11-16 13:52:54,2022-11-16 13:52:54,0.011s,PASSED
"click(findTestObject(""TC010/Page_Brivge/button confirm""))",Chrome 107.0.0.0,,,2022-11-16 13:52:54,2022-11-16 13:52:55,0.602s,PASSED
timestamp = util.generateTime.dateTimeGenerator(),Chrome 107.0.0.0,input inbound ref no,,2022-11-16 13:52:55,2022-11-16 13:52:55,0.001s,PASSED
"inboundRefNo = ""inbound"" + timestamp",Chrome 107.0.0.0,,,2022-11-16 13:52:55,2022-11-16 13:52:55,0.001s,PASSED
"util.copyToExcel.exel(inboundRefNo, 1, 8)",Chrome 107.0.0.0,,,2022-11-16 13:52:55,2022-11-16 13:52:55,0.088s,PASSED
"setText(findTestObject(""TC010/Page_Brivge/input__inboundRefNo""), inboundRefNo)",Chrome 107.0.0.0,,,2022-11-16 13:52:55,2022-11-16 13:52:57,1.593s,PASSED
"click(findTestObject(""TC010/Page_Brivge/input__inboundDate""))",Chrome 107.0.0.0,input inbound date,,2022-11-16 13:52:57,2022-11-16 13:52:57,0.558s,PASSED
day = util.generateTime.currentDateDay(),Chrome 107.0.0.0,,,2022-11-16 13:52:57,2022-11-16 13:52:57,0.038s,PASSED
month = util.generateTime.currentMonth(),Chrome 107.0.0.0,,,2022-11-16 13:52:57,2022-11-16 13:52:57,0.002s,PASSED
"util.handlePicker.handleCalendar(findTestObject(""TC010/Page_Brivge/currentmonth""), findTestObject(""TC010/Page_Brivge/button next calendar""), day, month)",Chrome 107.0.0.0,,,2022-11-16 13:52:57,2022-11-16 13:52:59,1.254s,PASSED
"util.parseValue.parseAValueToWebObject(findTestObject(""TC010/Page_Brivge/input__inboundTime""), ""12:00:00"")",Chrome 107.0.0.0,Input time,,2022-11-16 13:52:59,2022-11-16 13:52:59,0.830s,PASSED
"click(findTestObject(""TC010/Page_Brivge/button_Confirm 2""))",Chrome 107.0.0.0,,,2022-11-16 13:52:59,2022-11-16 13:53:00,0.517s,PASSED
"click(findTestObject(""TC010/Page_Brivge/button_CONFIRM 3""))",Chrome 107.0.0.0,,,2022-11-16 13:53:00,2022-11-16 13:53:01,0.637s,PASSED
"verifyElementVisible(findTestObject(""TC010/Page_Brivge/p_The operation was successful""))",Chrome 107.0.0.0,,,2022-11-16 13:53:01,2022-11-16 13:53:02,1.525s,PASSED
,,,,,,,
Test Cases/TC011 - DC Outbound Details (DC),Chrome 107.0.0.0,,,2022-11-16 13:53:02,2022-11-16 13:54:55,1m - 52.842s,PASSED
"callTestCase(findTestCase(""common/Login""), [""username"":usernameLuqman, ""password"":passwordLuqman, ""verification"":verificationLuqman, ""company"":sgttap], STOP_ON_FAILURE)",Chrome 107.0.0.0,,,2022-11-16 13:53:03,2022-11-16 13:53:29,26.242s,PASSED
"click(findTestObject(""TC011/Page_Brivge/button_Order""))",Chrome 107.0.0.0,,,2022-11-16 13:53:29,2022-11-16 13:53:30,0.653s,PASSED
"click(findTestObject(""TC011/Page_Brivge/li_SO Monitoring List""))",Chrome 107.0.0.0,,,2022-11-16 13:53:30,2022-11-16 13:53:31,1.468s,PASSED
"setText(findTestObject(""TC011/Page_Brivge/input_SO Monitoring List""), custContractNo)",Chrome 107.0.0.0,,,2022-11-16 13:53:31,2022-11-16 13:53:36,5.230s,PASSED
"y = getText(findTestObject(""TC011/Page_Brivge/div_orderNo""))",Chrome 107.0.0.0,,,2022-11-16 13:53:36,2022-11-16 13:53:37,0.420s,PASSED
"util.copyToExcel.exel(y, 1, 12)",Chrome 107.0.0.0,,,2022-11-16 13:53:37,2022-11-16 13:53:37,0.088s,PASSED
"callTestCase(findTestCase(""common/Login""), [""username"":usernameAzwan, ""password"":passwordAzwan, ""verification"":verificationAzwan, ""company"":sgttapdc], STOP_ON_FAILURE)",Chrome 107.0.0.0,,,2022-11-16 13:53:37,2022-11-16 13:53:56,19.253s,PASSED
"click(findTestObject(""TC006/Page_Brivge/h6_Logistics""))",Chrome 107.0.0.0,,,2022-11-16 13:53:56,2022-11-16 13:53:57,0.968s,PASSED
"click(findTestObject(""TC006/Page_Brivge/li_Outbound Monitoring List""))",Chrome 107.0.0.0,,,2022-11-16 13:53:57,2022-11-16 13:53:59,1.411s,PASSED
"click(findTestObject(""TC006/Page_Brivge/button create""))",Chrome 107.0.0.0,,,2022-11-16 13:53:59,2022-11-16 13:54:01,2.395s,PASSED
"callTestCase(findTestCase(""common/Long Form/11_1 - input basic info""), [:], STOP_ON_FAILURE)",Chrome 107.0.0.0,,,2022-11-16 13:54:01,2022-11-16 13:54:25,23.967s,PASSED
"callTestCase(findTestCase(""common/Long Form/11_2 - input container info""), [:], STOP_ON_FAILURE)",Chrome 107.0.0.0,,,2022-11-16 13:54:25,2022-11-16 13:54:33,8.348s,PASSED
"callTestCase(findTestCase(""common/Long Form/11_3 - input outer package""), [:], STOP_ON_FAILURE)",Chrome 107.0.0.0,,,2022-11-16 13:54:33,2022-11-16 13:54:41,7.550s,PASSED
"callTestCase(findTestCase(""common/Long Form/11_4 - input add parts""), [:], STOP_ON_FAILURE)",Chrome 107.0.0.0,,,2022-11-16 13:54:41,2022-11-16 13:54:49,8.238s,PASSED
"click(findTestObject(""TC006/TC006_4/click before scroll up""))",Chrome 107.0.0.0,,,2022-11-16 13:54:49,2022-11-16 13:54:50,0.735s,PASSED
"sendKeys(findTestObject(null), Keys.chord(HOME))",Chrome 107.0.0.0,,,2022-11-16 13:54:50,2022-11-16 13:54:50,0.485s,PASSED
"click(findTestObject(""TC006/TC006_4/button_Submit""))",Chrome 107.0.0.0,,,2022-11-16 13:54:50,2022-11-16 13:54:51,1.019s,PASSED
"click(findTestObject(""TC006/Page_Brivge/button_CONFIRM""))",Chrome 107.0.0.0,,,2022-11-16 13:54:51,2022-11-16 13:54:52,1.091s,PASSED
"verifyElementVisible(findTestObject(""TC006/Page_Brivge/p_The operation was successful""))",Chrome 107.0.0.0,,,2022-11-16 13:54:52,2022-11-16 13:54:55,2.499s,PASSED
,,,,,,,
Test Cases/TC012 - Revise and Approve Seller Invoice (BU),Chrome 107.0.0.0,,,2022-11-16 13:54:55,2022-11-16 13:55:32,36.874s,PASSED
"callTestCase(findTestCase(""common/Login""), [""username"":usernameLuqman, ""password"":passwordLuqman, ""verification"":verificationLuqman, ""company"":sgttap], STOP_ON_FAILURE)",Chrome 107.0.0.0,,,2022-11-16 13:54:56,2022-11-16 13:55:21,25.838s,PASSED
"click(findTestObject(""TC012/button_Accounting""))",Chrome 107.0.0.0,,,2022-11-16 13:55:21,2022-11-16 13:55:22,0.618s,PASSED
"click(findTestObject(""TC012/li_Seller(GI) Invoice List""))",Chrome 107.0.0.0,,,2022-11-16 13:55:22,2022-11-16 13:55:24,1.555s,PASSED
"click(findTestObject(""TC012/input_Seller(GI) Invoice List""))",Chrome 107.0.0.0,,,2022-11-16 13:55:24,2022-11-16 13:55:25,0.977s,PASSED
"setText(findTestObject(""TC012/input_Seller(GI) Invoice List""), custContractNo)",Chrome 107.0.0.0,,,2022-11-16 13:55:25,2022-11-16 13:55:29,4.159s,PASSED
"invoiceNo = getText(findTestObject(""TC012/p_invoiceNo""))",Chrome 107.0.0.0,,,2022-11-16 13:55:29,2022-11-16 13:55:29,0.377s,PASSED
"util.copyToExcel.exel(invoiceNo, 1, 11)",Chrome 107.0.0.0,,,2022-11-16 13:55:29,2022-11-16 13:55:29,0.053s,PASSED
"check(findTestObject(""TC012/input_SGTTAP TO VNTTVN 1103010""))",Chrome 107.0.0.0,,,2022-11-16 13:55:29,2022-11-16 13:55:30,0.481s,PASSED
"scrollToElement(findTestObject(""TC012/div_Status""), 0)",Chrome 107.0.0.0,,,2022-11-16 13:55:30,2022-11-16 13:55:30,0.424s,PASSED
"click(findTestObject(""TC012/button_Approve""))",Chrome 107.0.0.0,,,2022-11-16 13:55:30,2022-11-16 13:55:31,0.715s,PASSED
"waitForElementPresent(findTestObject(""TC012/div_ApproveAre you sure to do Approve""), 0)",Chrome 107.0.0.0,,,2022-11-16 13:55:31,2022-11-16 13:55:31,0.509s,PASSED
"click(findTestObject(""TC012/button_CONFIRM""))",Chrome 107.0.0.0,,,2022-11-16 13:55:31,2022-11-16 13:55:32,0.554s,PASSED
,,,,,,,
Test Cases/TC013 - BU Complete Export Customs Invoice (BU),Chrome 107.0.0.0,,,2022-11-16 13:55:32,2022-11-16 13:56:28,56.252s,PASSED
"callTestCase(findTestCase(""common/Login""), [""username"":usernameLuqman, ""password"":passwordLuqman, ""verification"":verificationLuqman, ""company"":sgttap], STOP_ON_FAILURE)",Chrome 107.0.0.0,,,2022-11-16 13:55:32,2022-11-16 13:56:07,34.490s,PASSED
"click(findTestObject(""TC013/Page_Brivge/button_Logistics""))",Chrome 107.0.0.0,,,2022-11-16 13:56:07,2022-11-16 13:56:08,0.749s,PASSED
"click(findTestObject(""TC013/Page_Brivge/li_Customs Invoice List(Export)""))",Chrome 107.0.0.0,,,2022-11-16 13:56:08,2022-11-16 13:56:09,1.505s,PASSED
"setText(findTestObject(""TC013/Page_Brivge/input_Customs Invoice(Export)""), findTestData(""Toyotsu-data"").getValue(12, 2))",Chrome 107.0.0.0,,,2022-11-16 13:56:09,2022-11-16 13:56:12,2.806s,PASSED
"click(findTestObject(""TC013/Page_Brivge/checkbox""))",Chrome 107.0.0.0,,,2022-11-16 13:56:12,2022-11-16 13:56:12,0.557s,PASSED
"click(findTestObject(""TC013/Page_Brivge/button_update 1""))",Chrome 107.0.0.0,<---- Update cargo status ---->,,2022-11-16 13:56:12,2022-11-16 13:56:13,0.681s,PASSED
"click(findTestObject(""TC013/Page_Brivge/input_Input Cargo Status_cargoStatus""))",Chrome 107.0.0.0,,,2022-11-16 13:56:13,2022-11-16 13:56:14,1.033s,PASSED
"click(findTestObject(""TC013/Page_Brivge/li_Exp clearance in progress""))",Chrome 107.0.0.0,,,2022-11-16 13:56:14,2022-11-16 13:56:15,0.533s,PASSED
"click(findTestObject(""TC013/Page_Brivge/button_update 2""))",Chrome 107.0.0.0,,,2022-11-16 13:56:15,2022-11-16 13:56:15,0.511s,PASSED
"verifyElementVisible(findTestObject(""TC013/Page_Brivge/p_The operation was successful""))",Chrome 107.0.0.0,,,2022-11-16 13:56:15,2022-11-16 13:56:16,0.924s,PASSED
delay(5),Chrome 107.0.0.0,,,2022-11-16 13:56:16,2022-11-16 13:56:21,5.013s,PASSED
"click(findTestObject(""TC013/Page_Brivge/button_completed""))",Chrome 107.0.0.0,<---- Complete custom invoice ---->,,2022-11-16 13:56:21,2022-11-16 13:56:22,0.671s,PASSED
"click(findTestObject(""TC013/Page_Brivge/button_CONFIRM""))",Chrome 107.0.0.0,,,2022-11-16 13:56:22,2022-11-16 13:56:23,1.140s,PASSED
"verifyElementVisible(findTestObject(""TC013/Page_Brivge/p_The operation was successful""))",Chrome 107.0.0.0,,,2022-11-16 13:56:23,2022-11-16 13:56:24,0.795s,PASSED
"click(findTestObject(""TC013/Page_Brivge/button_print 1""))",Chrome 107.0.0.0,<---- Print invoice ---->,,2022-11-16 13:56:24,2022-11-16 13:56:24,0.500s,PASSED
"click(findTestObject(""TC013/Page_Brivge/div_Print Invoice""))",Chrome 107.0.0.0,,,2022-11-16 13:56:24,2022-11-16 13:56:25,0.492s,PASSED
"click(findTestObject(""TC013/Page_Brivge/button_Print 2""))",Chrome 107.0.0.0,,,2022-11-16 13:56:25,2022-11-16 13:56:25,0.543s,PASSED
"verifyElementVisible(findTestObject(""TC013/Page_Brivge/p_The operation was successful""))",Chrome 107.0.0.0,,,2022-11-16 13:56:25,2022-11-16 13:56:26,1.081s,PASSED
takeFullPageScreenshot(),Chrome 107.0.0.0,,,2022-11-16 13:56:26,2022-11-16 13:56:28,1.702s,PASSED
,,,,,,,
Test Cases/TC014 - Customer Complete Import Customs Invoice (Customer),Chrome 107.0.0.0,,,2022-11-16 13:56:28,2022-11-16 13:57:15,47.183s,PASSED
"callTestCase(findTestCase(""common/Login""), [""username"":usernameLuqman, ""password"":passwordLuqman, ""verification"":verificationLuqman, ""company"":vnttvn], STOP_ON_FAILURE)",Chrome 107.0.0.0,,,2022-11-16 13:56:29,2022-11-16 13:56:52,23.744s,PASSED
"click(findTestObject(""TC014/Page_Brivge/button_Logistics""))",Chrome 107.0.0.0,,,2022-11-16 13:56:52,2022-11-16 13:56:53,1.024s,PASSED
"click(findTestObject(""TC014/Page_Brivge/li_Customs Invoice List(Import)""))",Chrome 107.0.0.0,,,2022-11-16 13:56:53,2022-11-16 13:57:00,6.564s,PASSED
"setText(findTestObject(""TC014/Page_Brivge/input_Customs Invoice(Import)""), findTestData(""Toyotsu-data"").getValue(12, 2))",Chrome 107.0.0.0,,,2022-11-16 13:57:00,2022-11-16 13:57:03,2.670s,PASSED
"click(findTestObject(""TC014/Page_Brivge/input_checkbox""))",Chrome 107.0.0.0,,,2022-11-16 13:57:03,2022-11-16 13:57:03,0.550s,PASSED
"click(findTestObject(""TC014/Page_Brivge/button_input cargo status""))",Chrome 107.0.0.0,,,2022-11-16 13:57:03,2022-11-16 13:57:04,0.552s,PASSED
"click(findTestObject(""TC014/Page_Brivge/input_Input Cargo Status_cargoStatus""))",Chrome 107.0.0.0,,,2022-11-16 13:57:04,2022-11-16 13:57:05,1.148s,PASSED
"click(findTestObject(""TC014/Page_Brivge/li_Imp clearance in progress""))",Chrome 107.0.0.0,,,2022-11-16 13:57:05,2022-11-16 13:57:05,0.528s,PASSED
"click(findTestObject(""TC014/Page_Brivge/button_update""))",Chrome 107.0.0.0,,,2022-11-16 13:57:05,2022-11-16 13:57:06,0.507s,PASSED
"verifyElementVisible(findTestObject(""TC014/Page_Brivge/p_The operation was successful""))",Chrome 107.0.0.0,,,2022-11-16 13:57:06,2022-11-16 13:57:07,0.945s,PASSED
delay(5),Chrome 107.0.0.0,,,2022-11-16 13:57:07,2022-11-16 13:57:12,5.016s,PASSED
"click(findTestObject(""TC014/Page_Brivge/button_complete""))",Chrome 107.0.0.0,,,2022-11-16 13:57:12,2022-11-16 13:57:12,0.578s,PASSED
"click(findTestObject(""TC014/Page_Brivge/button_CONFIRM""))",Chrome 107.0.0.0,,,2022-11-16 13:57:12,2022-11-16 13:57:14,1.187s,PASSED
"verifyElementVisible(findTestObject(""TC014/Page_Brivge/p_The operation was successful""))",Chrome 107.0.0.0,,,2022-11-16 13:57:14,2022-11-16 13:57:14,0.758s,PASSED
"verifyElementText(findTestObject(""TC014/Page_Brivge/div_Imp clearance in progress""), ""Imp clearance in progress"")",Chrome 107.0.0.0,,,2022-11-16 13:57:14,2022-11-16 13:57:15,0.482s,PASSED
"verifyElementText(findTestObject(""TC014/Page_Brivge/div_Customs Clearance Completed""), ""Customs Clearance Completed"")",Chrome 107.0.0.0,,,2022-11-16 13:57:15,2022-11-16 13:57:15,0.344s,PASSED
,,,,,,,
Test Cases/TC015 - Customer Inbound Details (Customer),Chrome 107.0.0.0,,,2022-11-16 13:57:15,2022-11-16 13:57:57,42.127s,PASSED
"callTestCase(findTestCase(""common/Login""), [""username"":usernameLuqman, ""password"":passwordLuqman, ""verification"":verificationLuqman, ""company"":vnttvn], STOP_ON_FAILURE)",Chrome 107.0.0.0,,,2022-11-16 13:57:16,2022-11-16 13:57:41,25.064s,PASSED
"click(findTestObject(""TC015/Page_Brivge/button_Logistics""))",Chrome 107.0.0.0,,,2022-11-16 13:57:41,2022-11-16 13:57:42,1.004s,PASSED
"click(findTestObject(""TC015/Page_Brivge/li_Inbound Monitoring List""))",Chrome 107.0.0.0,,,2022-11-16 13:57:42,2022-11-16 13:57:46,3.868s,PASSED
"click(findTestObject(""TC015/Page_Brivge/button_create""))",Chrome 107.0.0.0,,,2022-11-16 13:57:46,2022-11-16 13:57:47,1.827s,PASSED
"click(findTestObject(""TC015/Page_Brivge/button_Download""))",Chrome 107.0.0.0,,,2022-11-16 13:57:47,2022-11-16 13:57:49,1.951s,PASSED
"verifyElementVisible(findTestObject(""TC015/Page_Brivge/p_The operation was successful""))",Chrome 107.0.0.0,,,2022-11-16 13:57:49,2022-11-16 13:57:50,1.079s,PASSED
delay(5),Chrome 107.0.0.0,,,2022-11-16 13:57:50,2022-11-16 13:57:55,5.003s,PASSED
y = util.getDownloadedFile.getLatestFileFromDirectory(),Chrome 107.0.0.0,,,2022-11-16 13:57:55,2022-11-16 13:57:55,0.007s,PASSED
out.println(y),Chrome 107.0.0.0,,,2022-11-16 13:57:55,2022-11-16 13:57:55,0.000s,PASSED
"file = util.copyToExcel.exelInboundPlan2(y, ""test1"", 4, 9)",Chrome 107.0.0.0,,,2022-11-16 13:57:55,2022-11-16 13:57:56,0.144s,PASSED
"file = util.copyToExcel.exelInboundPlan(y, ""test2"", 4, 2)",Chrome 107.0.0.0,,,2022-11-16 13:57:56,2022-11-16 13:57:56,0.091s,PASSED
"file = util.copyToExcel.exelInboundPlan(y, ""test3"", 4, 3)",Chrome 107.0.0.0,,,2022-11-16 13:57:56,2022-11-16 13:57:56,0.087s,PASSED
"file = util.copyToExcel.exelInboundPlan(y, ""test4"", 4, 4)",Chrome 107.0.0.0,,,2022-11-16 13:57:56,2022-11-16 13:57:56,0.084s,PASSED
"file = util.copyToExcel.exelInboundPlan(y, ""test5"", 4, 6)",Chrome 107.0.0.0,,,2022-11-16 13:57:56,2022-11-16 13:57:56,0.094s,PASSED
"file = util.copyToExcel.exelInboundPlan(y, ""test6"", 4, 7)",Chrome 107.0.0.0,,,2022-11-16 13:57:56,2022-11-16 13:57:56,0.082s,PASSED
"file = util.copyToExcel.exelInboundPlan(y, ""test7"", 4, 8)",Chrome 107.0.0.0,,,2022-11-16 13:57:56,2022-11-16 13:57:56,0.100s,PASSED
"file = util.copyToExcel.exelInboundPlan(y, ""test8"", 4, 16)",Chrome 107.0.0.0,,,2022-11-16 13:57:56,2022-11-16 13:57:56,0.083s,PASSED
"file = util.copyToExcel.exelInboundPlan(y, ""test9"", 4, 17)",Chrome 107.0.0.0,,,2022-11-16 13:57:56,2022-11-16 13:57:56,0.107s,PASSED
"file = util.copyToExcel.exelInboundPlan(y, ""test10"", 4, 26)",Chrome 107.0.0.0,,,2022-11-16 13:57:56,2022-11-16 13:57:56,0.083s,PASSED
"file = util.copyToExcel.exelInboundPlan(y, ""test11"", 4, 27)",Chrome 107.0.0.0,,,2022-11-16 13:57:56,2022-11-16 13:57:56,0.071s,PASSED
"file = util.copyToExcel.exelInboundPlan(y, ""test12"", 4, 32)",Chrome 107.0.0.0,,,2022-11-16 13:57:56,2022-11-16 13:57:56,0.080s,PASSED
"file = util.copyToExcel.exelInboundPlan(y, ""test13"", 4, 33)",Chrome 107.0.0.0,,,2022-11-16 13:57:56,2022-11-16 13:57:57,0.094s,PASSED
"file = util.copyToExcel.exelInboundPlan(y, ""test14"", 4, 34)",Chrome 107.0.0.0,,,2022-11-16 13:57:57,2022-11-16 13:57:57,0.077s,PASSED
"file = util.copyToExcel.exelInboundPlan(y, ""test15"", 4, 38)",Chrome 107.0.0.0,,,2022-11-16 13:57:57,2022-11-16 13:57:57,0.063s,PASSED
"logInfo(""Last file received is "" + y)",Chrome 107.0.0.0,,,2022-11-16 13:57:57,2022-11-16 13:57:57,0.001s,PASSED
"uploadFile(findTestObject(""TC015/Page_Brivge/button_Upload""), file)",Chrome 107.0.0.0,,,2022-11-16 13:57:57,2022-11-16 13:57:57,0.628s,PASSED
